,Time,Notifier,H,M,R,S_Location,Special,Domain,OS,View
0,2019-03-31,mhamdi_jeber,0,0,0,United States,0,www.recruitmentsystemen.nl/js.php,Linux,mirror
1,2019-03-31,BANGLADESH CYBER GHO5T,H,0,0,Netherlands,0,www.cumulusit.nl,Linux,mirror
2,2019-03-31,BANGLADESH CYBER GHO5T,H,0,0,Netherlands,0,inskill.nl,Linux,mirror
3,2019-03-30,mhamdi_jeber,0,0,0,Netherlands,0,www.ondernemersscherpenzeel.nl...,Linux,mirror
4,2019-03-29,KURD ELECTRONIC TEAM,0,0,0,Netherlands,0,www.chaletlaplagne.nl/rx.html,Linux,mirror
5,2019-03-28,ManToed,0,M,0,United States,0,rokinvest.nl/tod.txt,Linux,mirror
6,2019-03-27,AyyÄ±ldÄ±z Tim,H,0,0,Netherlands,0,www.iphone-reparatie-twente.nl,Linux,mirror
7,2019-03-26,chinafans,0,M,0,Netherlands,0,ps4-sense.nl/o.htm,Linux,mirror
8,2019-03-26,chinafans,0,M,0,Netherlands,0,xbox-sense.nl/o.htm,Linux,mirror
9,2019-03-26,chinafans,0,0,0,Unknown,0,gamersnet.nl/o.htm,Linux,mirror
10,2019-03-26,chinafans,0,0,0,Unknown,0,psx-sense.nl/o.htm,Linux,mirror
11,2019-03-26,chinafans,0,M,0,Netherlands,0,rootbeat.nl/o.htm,Linux,mirror
12,2019-03-26,chinafans,0,0,0,Unknown,0,socialfollowing.nl/o.htm,Linux,mirror
13,2019-03-26,chinafans,0,M,0,Netherlands,0,ps3-sense.nl/o.htm,Linux,mirror
14,2019-03-25,Imam,0,0,1,Netherlands,0,www.otterdijk-bestratingen.nl/...,Linux,mirror
15,2019-03-25,Imam,0,0,0,European Union,0,www.le-sudrestaurant.nl/images...,Linux,mirror
16,2019-03-25,Imam,0,0,1,Netherlands,0,www.aandeplasoranje.nl/images/...,Linux,mirror
17,2019-03-25,Trenggalek Cyber Army,0,0,0,Netherlands,0,lennyart.nl/tgl.htm,Linux,mirror
18,2019-03-25,Trenggalek Cyber Army,0,0,0,Netherlands,0,www.ikev.nl/tgl.htm,Linux,mirror
19,2019-03-25,Imam,0,0,1,Netherlands,0,www.youngplants.nl/gang.gif,Linux,mirror
20,2019-03-25,Imam,0,0,1,Netherlands,0,www.dineritalia.nl/gang.gif,Linux,mirror
21,2019-03-25,Mister Spy,0,0,0,Netherlands,0,voc-heerhugowaard.nl/wp-conten...,Linux,mirror
22,2019-03-25,HelpMaster,0,0,1,Netherlands,0,vwr.nl/images/no.gif,Linux,mirror
23,2019-03-25,HelpMaster,0,0,1,Netherlands,0,indesteeg.nl/images/no.gif,Unknown,mirror
24,2019-03-25,HelpMaster,0,0,1,Netherlands,0,heemkundekringgemert.nl/images...,Linux,mirror
25,2019-03-25,HelpMaster,0,0,1,Netherlands,0,gestalt-therapie.nl/images/no.gif,Linux,mirror
26,2019-03-25,MR.5T1Y0,0,0,0,Netherlands,0,thijshendrikx.nl/pwn.php,Linux,mirror
27,2019-03-24,Mister Spy,0,M,0,Netherlands,0,judo-angeren.nl/spy.php,Linux,mirror
28,2019-03-24,Mister Spy,0,M,0,Netherlands,0,jiminmusic.nl/spy.php,Linux,mirror
29,2019-03-24,Mister Spy,0,M,0,Netherlands,0,bricks4alpedhuzes.nl/spy.php,Linux,mirror
30,2019-03-24,Mister Spy,0,M,0,Netherlands,0,fotogravinnen.nl/spy.php,Linux,mirror
31,2019-03-24,Mister Spy,0,M,0,Netherlands,0,interieurbouwschreur.nl/spy.php,Linux,mirror
32,2019-03-24,Mister Spy,0,M,0,Netherlands,0,cthtest.nl/spy.php,Linux,mirror
33,2019-03-24,Mister Spy,0,M,0,Netherlands,0,cthtest1.nl/spy.php,Linux,mirror
34,2019-03-24,Mister Spy,0,M,0,Netherlands,0,onequestion.nl/spy.php,Linux,mirror
35,2019-03-24,Mister Spy,0,M,0,Netherlands,0,stukkievakwerk.nl/spy.php,Linux,mirror
36,2019-03-24,Mister Spy,0,M,0,Netherlands,0,devorigeweek.nl/spy.php,Linux,mirror
37,2019-03-24,Mister Spy,0,M,0,Netherlands,0,sparerik.nl/spy.php,Linux,mirror
38,2019-03-24,Mister Spy,0,M,0,Netherlands,0,holistischepraktijkjoshanti.nl...,Linux,mirror
39,2019-03-24,Mister Spy,0,M,0,Netherlands,0,rjwerf.nl/spy.php,Linux,mirror
40,2019-03-24,Mister Spy,0,M,0,Netherlands,0,huidziektenutrecht.nl/spy.php,Linux,mirror
41,2019-03-24,Mister Spy,0,M,0,Netherlands,0,formulieren-pagina.nl/spy.php,Linux,mirror
42,2019-03-24,Mister Spy,0,M,0,Netherlands,0,pietenatelier.nl/spy.php,Linux,mirror
43,2019-03-24,Mister Spy,0,M,0,Netherlands,0,fvdwerf.nl/spy.php,Linux,mirror
44,2019-03-24,Mister Spy,0,M,0,Netherlands,0,joshanti.nl/spy.php,Linux,mirror
45,2019-03-24,Mister Spy,0,M,0,Netherlands,0,applicatieserver.nl/spy.php,Linux,mirror
46,2019-03-24,Mister Spy,0,M,0,Netherlands,0,mystorybook.nl/spy.php,Linux,mirror
47,2019-03-24,Mister Spy,0,M,0,Netherlands,0,cthtest2.nl/spy.php,Linux,mirror
48,2019-03-24,Mister Spy,0,M,0,Netherlands,0,vaneunen.nl/spy.php,Linux,mirror
49,2019-03-24,Mister Spy,0,M,0,Netherlands,0,fricatho.nl/spy.php,Linux,mirror
50,2019-03-24,Mister Spy,0,M,0,Netherlands,0,bloedzuiger-therapie.nl/spy.php,Linux,mirror
51,2019-03-24,Mister Spy,0,M,0,Netherlands,0,cthtest05.nl/spy.php,Linux,mirror
52,2019-03-24,Mister Spy,0,M,0,Netherlands,0,silkfromheaven.nl/spy.php,Linux,mirror
53,2019-03-24,Mister Spy,0,M,0,Netherlands,0,vooropfotografie.nl/spy.php,Linux,mirror
54,2019-03-24,Mister Spy,0,M,0,Netherlands,0,pelgrimjoop.nl/spy.php,Linux,mirror
55,2019-03-24,Mister Spy,0,0,0,Netherlands,0,jps-shop-test.nl/spy.php,Linux,mirror
56,2019-03-24,Mister Spy,0,0,0,Netherlands,0,lotus-kindercoaching.nl/spy.php,Linux,mirror
57,2019-03-24,ifactoryx,0,M,0,India,0,royalstancert.nl/rx.html,Win 2012,mirror
58,2019-03-24,FurkanGM,H,0,0,Netherlands,0,www.vitamere.nl,Linux,mirror
59,2019-03-24,Kosova Hacker Army,H,M,0,United Kingdom,0,managementxl.nl,Linux,mirror
60,2019-03-24,Kosova Hacker Army,H,0,0,United Kingdom,0,autozoeterlaag.nl,Linux,mirror
61,2019-03-22,KURD ELECTRONIC TEAM,H,0,1,Netherlands,0,www.musicmaatje.nl,Linux,mirror
62,2019-03-21,By_DAVACI,H,0,0,Netherlands,0,www.12solveit.nl,Linux,mirror
63,2019-03-21,AlabÃ¶rÃ¼Tim,0,M,0,Netherlands,0,www.compusell.nl/index.html,Linux,mirror
64,2019-03-21,noyan_kaos,H,0,0,Netherlands,0,vanderzwanconsultancy.nl,Linux,mirror
65,2019-03-21,Aurora-X,0,M,0,United States,0,bankofthefuture.nl/ws.php,Linux,mirror
66,2019-03-21,Aurora-X,0,M,0,United States,0,nieuwroomburgpark.nl/ws.php,Linux,mirror
67,2019-03-21,Aurora-X,0,0,0,United States,0,tedx-leiden.nl/ws.php,Linux,mirror
68,2019-03-20,Vaint,H,M,0,Netherlands,0,orange.wesleylancel.nl,Linux,mirror
69,2019-03-20,h0d3_g4n,0,M,0,Denmark,0,qvm-lcs.nl/ET.php,Linux,mirror
70,2019-03-19,mhamdi_jeber,0,M,0,Netherlands,0,www.evelanx.nl/js.php,Linux,mirror
71,2019-03-19,mhamdi_jeber,0,M,0,Netherlands,0,www.adagiopraktijk.nl/js.php,Linux,mirror
72,2019-03-19,mhamdi_jeber,0,M,0,Netherlands,0,www.artconstructor.nl/js.php,Linux,mirror
73,2019-03-19,mhamdi_jeber,0,M,0,Netherlands,0,www.rikbolink.nl/js.php,Linux,mirror
74,2019-03-19,mhamdi_jeber,0,M,0,Netherlands,0,datacenterinaday.nl/js.php,Linux,mirror
75,2019-03-19,mhamdi_jeber,0,M,0,Netherlands,0,www.wordpressveilig.nl/js.php,Linux,mirror
76,2019-03-19,mhamdi_jeber,0,M,0,Netherlands,0,www.margrietbreet.nl/js.php,Linux,mirror
77,2019-03-19,mhamdi_jeber,0,M,0,Netherlands,0,www.vptzculemborg.nl/js.php,Linux,mirror
78,2019-03-19,mhamdi_jeber,0,M,0,Netherlands,0,lousvanderstempel.nl/js.php,Linux,mirror
79,2019-03-19,mhamdi_jeber,0,M,0,Netherlands,0,www.brug-it.nl/js.php,Linux,mirror
80,2019-03-19,mhamdi_jeber,0,M,0,Netherlands,0,www.theaterjuf.nl/js.php,Linux,mirror
81,2019-03-19,mhamdi_jeber,0,M,1,Netherlands,0,yokidoki.nl/js.php,Linux,mirror
82,2019-03-19,mhamdi_jeber,0,M,0,Netherlands,0,ansjelienbos.nl/js.php,Linux,mirror
83,2019-03-19,mhamdi_jeber,0,M,0,Netherlands,0,www.kcbculemborg.nl/js.php,Linux,mirror
84,2019-03-19,mhamdi_jeber,0,M,0,Netherlands,0,www.svsnet.nl/js.php,Linux,mirror
85,2019-03-19,mhamdi_jeber,0,M,0,Netherlands,0,www.werkaanhetspoel.nl/js.php,Linux,mirror
86,2019-03-19,mhamdi_jeber,0,M,0,Netherlands,0,www.jgtingo.nl/js.php,Linux,mirror
87,2019-03-19,mhamdi_jeber,0,M,0,Netherlands,0,www.jellema-afbouw.nl/js.php,Linux,mirror
88,2019-03-19,mhamdi_jeber,0,M,0,Netherlands,0,idafrentz.nl/js.php,Linux,mirror
89,2019-03-19,mhamdi_jeber,0,M,0,Netherlands,0,sovahapto.nl/js.php,Linux,mirror
90,2019-03-19,mhamdi_jeber,0,M,1,Netherlands,0,www.armaadvies.nl/js.php,Linux,mirror
91,2019-03-19,mhamdi_jeber,0,0,0,Netherlands,0,www.madamemanet.nl/js.php,Linux,mirror
92,2019-03-19,Vijune15,H,M,0,United States,0,venturesquad.nl,Unknown,mirror
93,2019-03-18,GR0V,0,M,0,Netherlands,0,webshop.klikprocesspinner.nl/g...,Linux,mirror
94,2019-03-18,GR0V,0,M,0,Netherlands,0,zwervendezwaluwen.meodemo.nl/g...,Linux,mirror
95,2019-03-18,GR0V,0,M,0,Netherlands,0,zwembaddeveersloot.meodemo.nl/...,Linux,mirror
96,2019-03-18,GR0V,0,M,0,Netherlands,0,zv-oosterplas.meodemo.nl/g.txt,Linux,mirror
97,2019-03-18,GR0V,0,M,0,Netherlands,0,yorkshireterriervriendenclub.m...,Linux,mirror
98,2019-03-18,GR0V,0,M,0,Netherlands,0,wonderwijs.meodemo.nl/g.txt,Linux,mirror
99,2019-03-18,GR0V,0,M,0,Netherlands,0,wmcschoorl.meodemo.nl/g.txt,Linux,mirror
100,2019-03-18,GR0V,0,M,0,Netherlands,0,wkpoule.meodemo.nl/g.txt,Linux,mirror
101,2019-03-18,GR0V,0,M,0,Netherlands,0,wizz.meodemo.nl/g.txt,Linux,mirror
102,2019-03-18,GR0V,0,M,0,Netherlands,0,winkelcentrumdemare.meodemo.nl...,Linux,mirror
103,2019-03-18,GR0V,0,M,0,Netherlands,0,williams-syndroom.meodemo.nl/g...,Linux,mirror
104,2019-03-18,GR0V,0,M,0,Netherlands,0,wijzijnmeo.meodemo.nl/g.txt,Linux,mirror
105,2019-03-18,GR0V,0,M,0,Netherlands,0,werkeninhetwater.meodemo.nl/g.txt,Linux,mirror
106,2019-03-18,GR0V,0,M,0,Netherlands,0,weekvandetoegankelijkheid.meod...,Linux,mirror
107,2019-03-18,GR0V,0,M,0,Netherlands,0,wcagthema.meodemo.nl/g.txt,Linux,mirror
108,2019-03-18,GR0V,0,M,0,Netherlands,0,voedingsplatformpvhh.meodemo.n...,Linux,mirror
109,2019-03-18,GR0V,0,M,0,Netherlands,0,ved-ehlers-danlos.meodemo.nl/g...,Linux,mirror
110,2019-03-18,GR0V,0,M,0,Netherlands,0,vanuithartenziel.meodemo.nl/g.txt,Linux,mirror
111,2019-03-18,GR0V,0,M,0,Netherlands,0,vanuit-hartenziel.meodemo.nl/g...,Linux,mirror
112,2019-03-18,GR0V,0,M,0,Netherlands,0,vanleeuwenelektra.meodemo.nl/g...,Linux,mirror
113,2019-03-18,GR0V,0,M,0,Netherlands,0,update.meodemo.nl/g.txt,Linux,mirror
114,2019-03-18,GR0V,0,M,0,Netherlands,0,trigoon.meodemo.nl/g.txt,Linux,mirror
115,2019-03-18,GR0V,0,M,0,Netherlands,0,theaterdebinding.meodemo.nl/g.txt,Linux,mirror
116,2019-03-18,GR0V,0,M,0,Netherlands,0,symposium.meodemo.nl/g.txt,Linux,mirror
117,2019-03-18,GR0V,0,M,0,Netherlands,0,succulenta.meodemo.nl/g.txt,Linux,mirror
118,2019-03-18,GR0V,0,M,0,Netherlands,0,stopjeangst.meodemo.nl/g.txt,Linux,mirror
119,2019-03-18,GR0V,0,M,0,Netherlands,0,stichtingovergewicht.meodemo.n...,Linux,mirror
120,2019-03-18,GR0V,0,M,0,Netherlands,0,stichtingborderline.meodemo.nl...,Linux,mirror
121,2019-03-18,GR0V,0,M,0,Netherlands,0,stichtingbabyspullenshop.meode...,Linux,mirror
122,2019-03-18,GR0V,0,M,0,Netherlands,0,stichtingbabyspullen.meodemo.n...,Linux,mirror
123,2019-03-18,GR0V,0,M,0,Netherlands,0,sportzaalwaldervaart.meodemo.n...,Linux,mirror
124,2019-03-18,GR0V,0,M,0,Netherlands,0,skik.meodemo.nl/g.txt,Linux,mirror
125,2019-03-18,GR0V,0,M,0,Netherlands,0,sevenclub.meodemo.nl/g.txt,Linux,mirror
126,2019-03-18,GR0V,0,M,0,Netherlands,0,seven.meodemo.nl/g.txt,Linux,mirror
127,2019-03-18,GR0V,0,M,0,Netherlands,0,schagen-actief.meodemo.nl/g.txt,Linux,mirror
128,2019-03-18,GR0V,0,M,0,Netherlands,0,sarcoidose.meodemo.nl/g.txt,Linux,mirror
129,2019-03-18,GR0V,0,M,0,Netherlands,0,sarcoidose-redesign.meodemo.nl...,Linux,mirror
130,2019-03-18,GR0V,0,M,0,Netherlands,0,ruudzander.meodemo.nl/g.txt,Linux,mirror
131,2019-03-18,GR0V,0,M,0,Netherlands,0,rmcjongerenloket.meodemo.nl/g.txt,Linux,mirror
132,2019-03-18,GR0V,0,M,0,Netherlands,0,rettwebshop.meodemo.nl/g.txt,Linux,mirror
133,2019-03-18,GR0V,0,M,0,Netherlands,0,rett.meodemo.nl/g.txt,Linux,mirror
134,2019-03-18,GR0V,0,M,0,Netherlands,0,reach.meodemo.nl/g.txt,Linux,mirror
135,2019-03-18,GR0V,0,M,0,Netherlands,0,rch.meodemo.nl/g.txt,Linux,mirror
136,2019-03-18,GR0V,0,M,0,Netherlands,0,pvhh.meodemo.nl/g.txt,Linux,mirror
137,2019-03-18,GR0V,0,M,0,Netherlands,0,ptpicture.meodemo.nl/g.txt,Linux,mirror
138,2019-03-18,GR0V,0,M,0,Netherlands,0,poldersoftdemo.meodemo.nl/g.txt,Linux,mirror
139,2019-03-18,GR0V,0,M,0,Netherlands,0,peter-blokker.meodemo.nl/g.txt,Linux,mirror
140,2019-03-18,GR0V,0,M,0,Netherlands,0,passionhealing.meodemo.nl/g.txt,Linux,mirror
141,2019-03-18,GR0V,0,M,0,Netherlands,0,opvoud.meodemo.nl/g.txt,Linux,mirror
142,2019-03-18,GR0V,0,M,0,Netherlands,0,oosterdel.meodemo.nl/g.txt,Linux,mirror
143,2019-03-18,GR0V,0,M,0,Netherlands,0,oecumenedenhaag.meodemo.nl/g.txt,Linux,mirror
144,2019-03-18,GR0V,0,M,0,Netherlands,0,nvle.meodemo.nl/g.txt,Linux,mirror
145,2019-03-18,GR0V,0,M,0,Netherlands,0,nsogwebshop.meodemo.nl/g.txt,Linux,mirror
146,2019-03-18,GR0V,0,M,0,Netherlands,0,nsogtest.meodemo.nl/g.txt,Linux,mirror
147,2019-03-18,GR0V,0,M,0,Netherlands,0,nlv.meodemo.nl/g.txt,Linux,mirror
148,2019-03-18,GR0V,0,M,0,Netherlands,0,ninalippelt.meodemo.nl/g.txt,Linux,mirror
149,2019-03-18,GR0V,0,M,0,Netherlands,0,nietsoveronszonderons.meodemo....,Linux,mirror
150,2019-03-18,GR0V,0,M,0,Netherlands,0,nfvnwebshop.meodemo.nl/g.txt,Linux,mirror
151,2019-03-18,GR0V,0,M,0,Netherlands,0,naamonbekend.meodemo.nl/g.txt,Linux,mirror
152,2019-03-18,GR0V,0,M,0,Netherlands,0,naambedrijfofklant.meodemo.nl/...,Linux,mirror
153,2019-03-18,GR0V,0,M,0,Netherlands,0,mydemositeka.meodemo.nl/g.txt,Linux,mirror
154,2019-03-18,GR0V,0,M,0,Netherlands,0,msvntesting.meodemo.nl/g.txt,Linux,mirror
155,2019-03-18,GR0V,0,M,0,Netherlands,0,msvereniging.meodemo.nl/g.txt,Linux,mirror
156,2019-03-18,GR0V,0,M,0,Netherlands,0,mrfreska.meodemo.nl/g.txt,Linux,mirror
157,2019-03-18,GR0V,0,M,0,Netherlands,0,mlm.meodemo.nl/g.txt,Linux,mirror
158,2019-03-18,GR0V,0,M,0,Netherlands,0,michaelpasman.meodemo.nl/g.txt,Linux,mirror
159,2019-03-18,GR0V,0,M,0,Netherlands,0,meointranet.meodemo.nl/g.txt,Linux,mirror
160,2019-03-18,GR0V,0,M,0,Netherlands,0,meodrivetest.meodemo.nl/g.txt,Linux,mirror
161,2019-03-18,GR0V,0,M,0,Netherlands,0,meo-intranet.meodemo.nl/g.txt,Linux,mirror
162,2019-03-18,GR0V,0,M,0,Netherlands,0,mensenmetbrandwonden.meodemo.n...,Linux,mirror
163,2019-03-18,GR0V,0,M,0,Netherlands,0,mantelzorgelijk.meodemo.nl/g.txt,Linux,mirror
164,2019-03-18,GR0V,0,M,0,Netherlands,0,mantelzorgelijk-dashboard.meod...,Linux,mirror
165,2019-03-18,GR0V,0,M,0,Netherlands,0,magento.meodemo.nl/g.txt,Linux,mirror
166,2019-03-18,GR0V,0,M,0,Netherlands,0,macula.meodemo.nl/g.txt,Linux,mirror
167,2019-03-18,GR0V,0,M,0,Netherlands,0,maartenvanderweijdenbad.meodem...,Linux,mirror
168,2019-03-18,GR0V,0,M,0,Netherlands,0,liannevanderdeure.meodemo.nl/g...,Linux,mirror
169,2019-03-18,GR0V,0,M,0,Netherlands,0,laure.meodemo.nl/g.txt,Linux,mirror
170,2019-03-18,GR0V,0,M,0,Netherlands,0,kringloopmania.meodemo.nl/g.txt,Linux,mirror
171,2019-03-18,GR0V,0,M,0,Netherlands,0,kinderopvangtvlaggetje.meodemo...,Linux,mirror
172,2019-03-18,GR0V,0,M,0,Netherlands,0,kievietlogopedie.meodemo.nl/g.txt,Linux,mirror
173,2019-03-18,GR0V,0,M,0,Netherlands,0,kademoweb.meodemo.nl/g.txt,Linux,mirror
174,2019-03-18,GR0V,0,M,0,Netherlands,0,jordy.meodemo.nl/g.txt,Linux,mirror
175,2019-03-18,GR0V,0,M,0,Netherlands,0,jachthavenzaltbommel.meodemo.n...,Linux,mirror
176,2019-03-18,GR0V,0,M,0,Netherlands,0,influenzastichting.meodemo.nl/...,Linux,mirror
177,2019-03-18,GR0V,0,M,0,Netherlands,0,icconnect.meodemo.nl/g.txt,Linux,mirror
178,2019-03-18,GR0V,0,M,0,Netherlands,0,hugohopper.meodemo.nl/g.txt,Linux,mirror
179,2019-03-18,GR0V,0,M,0,Netherlands,0,hetlsr.meodemo.nl/g.txt,Linux,mirror
180,2019-03-18,GR0V,0,M,0,Netherlands,0,hetlsr.kennisbank.meodemo.nl/g...,Linux,mirror
181,2019-03-18,GR0V,0,M,0,Netherlands,0,hetlsr.intranet.meodemo.nl/g.txt,Linux,mirror
182,2019-03-18,GR0V,0,M,0,Netherlands,0,hetbaafje.meodemo.nl/g.txt,Linux,mirror
183,2019-03-18,GR0V,0,M,0,Netherlands,0,helloworld.meodemo.nl/g.txt,Linux,mirror
184,2019-03-18,GR0V,0,M,0,Netherlands,0,harenkarspelhal.meodemo.nl/g.txt,Linux,mirror
185,2019-03-18,GR0V,0,M,0,Netherlands,0,haltewerk.meodemo.nl/g.txt,Linux,mirror
186,2019-03-18,GR0V,0,M,0,Netherlands,0,gymzaalvangoghlaan.meodemo.nl/...,Linux,mirror
187,2019-03-18,GR0V,0,M,0,Netherlands,0,groeneweghal.meodemo.nl/g.txt,Linux,mirror
188,2019-03-18,GR0V,0,M,0,Netherlands,0,gks.meodemo.nl/g.txt,Linux,mirror
189,2019-03-18,GR0V,0,M,0,Netherlands,0,geldzorgenvrij.meodemo.nl/g.txt,Linux,mirror
190,2019-03-18,GR0V,0,M,0,Netherlands,0,fysiotherapieblokker.meodemo.n...,Linux,mirror
191,2019-03-18,GR0V,0,M,0,Netherlands,0,flevomare.meodemo.nl/g.txt,Linux,mirror
192,2019-03-18,GR0V,0,M,0,Netherlands,0,fcic.meodemo.nl/g.txt,Linux,mirror
193,2019-03-18,GR0V,0,M,0,Netherlands,0,farpebbles.meodemo.nl/g.txt,Linux,mirror
194,2019-03-18,GR0V,0,M,0,Netherlands,0,farmfoodrawhide.meodemo.nl/g.txt,Linux,mirror
195,2019-03-18,GR0V,0,M,0,Netherlands,0,evenementenharderwijk.meodemo....,Linux,mirror
196,2019-03-18,GR0V,0,M,0,Netherlands,0,endometriose.meodemo.nl/g.txt,Linux,mirror
197,2019-03-18,GR0V,0,M,0,Netherlands,0,ehlers-danlos.meodemo.nl/g.txt,Linux,mirror
198,2019-03-18,GR0V,0,M,0,Netherlands,0,edunova.meodemo.nl/g.txt,Linux,mirror
199,2019-03-18,GR0V,0,M,0,Netherlands,0,edev.meodemo.nl/g.txt,Linux,mirror
200,2019-03-18,GR0V,0,M,0,Netherlands,0,e-magazine.meodemo.nl/g.txt,Linux,mirror
201,2019-03-18,GR0V,0,M,0,Netherlands,0,duurzaamalkmaar.meodemo.nl/g.txt,Linux,mirror
202,2019-03-18,GR0V,0,M,0,Netherlands,0,dutchcoralcompany.meodemo.nl/g...,Linux,mirror
203,2019-03-18,GR0V,0,M,0,Netherlands,0,drivingpassion.meodemo.nl/g.txt,Linux,mirror
204,2019-03-18,GR0V,0,M,0,Netherlands,0,doulabackup.meodemo.nl/g.txt,Linux,mirror
205,2019-03-18,GR0V,0,M,0,Netherlands,0,dorpshuisdezwaanuitgeest.meode...,Linux,mirror
206,2019-03-18,GR0V,0,M,0,Netherlands,0,dewiel.meodemo.nl/g.txt,Linux,mirror
207,2019-03-18,GR0V,0,M,0,Netherlands,0,demositeme.meodemo.nl/g.txt,Linux,mirror
208,2019-03-18,GR0V,0,M,0,Netherlands,0,dekringloper.meodemo.nl/g.txt,Linux,mirror
209,2019-03-18,GR0V,0,M,0,Netherlands,0,debeun.meodemo.nl/g.txt,Linux,mirror
210,2019-03-18,GR0V,0,M,0,Netherlands,0,cultuurhuisheemskerk.meodemo.n...,Linux,mirror
211,2019-03-18,GR0V,0,M,0,Netherlands,0,cultuurcentrumheemskerk.meodem...,Linux,mirror
212,2019-03-18,GR0V,0,M,0,Netherlands,0,cookietester.meodemo.nl/g.txt,Linux,mirror
213,2019-03-18,GR0V,0,M,0,Netherlands,0,chips.meodemo.nl/g.txt,Linux,mirror
214,2019-03-18,GR0V,0,M,0,Netherlands,0,bluyssenfonds.meodemo.nl/g.txt,Linux,mirror
215,2019-03-18,GR0V,0,M,0,Netherlands,0,bezt.meodemo.nl/g.txt,Linux,mirror
216,2019-03-18,GR0V,0,M,0,Netherlands,0,baptistengemeentesilo.meodemo....,Linux,mirror
217,2019-03-18,GR0V,0,M,0,Netherlands,0,backups.meodemo.nl/g.txt,Linux,mirror
218,2019-03-18,GR0V,0,M,0,Netherlands,0,autorijschoolmove-it.meodemo.n...,Linux,mirror
219,2019-03-18,GR0V,0,M,0,Netherlands,0,autoleasebenelux.meodemo.nl/g.txt,Linux,mirror
220,2019-03-18,GR0V,0,M,0,Netherlands,0,auboulot.meodemo.nl/g.txt,Linux,mirror
221,2019-03-18,GR0V,0,M,0,Netherlands,0,artinmusic.meodemo.nl/g.txt,Linux,mirror
222,2019-03-18,GR0V,0,M,0,Netherlands,0,annies-cookbook.meodemo.nl/g.txt,Linux,mirror
223,2019-03-18,GR0V,0,M,0,Netherlands,0,annelies-oefenwp.meodemo.nl/g.txt,Linux,mirror
224,2019-03-18,GR0V,0,M,0,Netherlands,0,alticollense.meodemo.nl/g.txt,Linux,mirror
225,2019-03-18,GR0V,0,M,0,Netherlands,0,activesupport.meodemo.nl/g.txt,Linux,mirror
226,2019-03-18,GR0V,0,M,0,Netherlands,0,woocommerce.meodemo.nl/g.txt,Linux,mirror
227,2019-03-18,GR0V,0,M,0,Netherlands,0,vriendenvandebeun.meodemo.nl/g...,Linux,mirror
228,2019-03-18,GR0V,0,M,0,Netherlands,0,sportzaaldegroet.meodemo.nl/g.txt,Linux,mirror
229,2019-03-18,GR0V,0,M,0,Netherlands,0,spartahal.meodemo.nl/g.txt,Linux,mirror
230,2019-03-18,GR0V,0,M,0,Netherlands,0,sacha.meodemo.nl/g.txt,Linux,mirror
231,2019-03-18,GR0V,0,M,0,Netherlands,0,spks.meodemo.nl/g.txt,Linux,mirror
232,2019-03-18,GR0V,0,M,0,Netherlands,0,qualityqube.meodemo.nl/g.txt,Linux,mirror
233,2019-03-18,GR0V,0,M,0,Netherlands,0,peterblokker.meodemo.nl/g.txt,Linux,mirror
234,2019-03-18,GR0V,0,M,0,Netherlands,0,luisterrijk.meodemo.nl/g.txt,Linux,mirror
235,2019-03-18,GR0V,0,M,0,Netherlands,0,liannevddeure-stage.meodemo.nl...,Linux,mirror
236,2019-03-18,GR0V,0,M,0,Netherlands,0,liaison.meodemo.nl/g.txt,Linux,mirror
237,2019-03-18,GR0V,0,M,0,Netherlands,0,jitse.meodemo.nl/g.txt,Linux,mirror
238,2019-03-18,GR0V,0,M,0,Netherlands,0,jessemolenaar.meodemo.nl/g.txt,Linux,mirror
239,2019-03-18,GR0V,0,M,0,Netherlands,0,fotografie.meodemo.nl/g.txt,Linux,mirror
240,2019-03-18,GR0V,0,0,0,Netherlands,0,blog-stefan-jansen.meodemo.nl/...,Linux,mirror
241,2019-03-18,GR0V,0,M,0,Netherlands,0,slotenmakervolendam.nl/g.txt,Linux,mirror
242,2019-03-18,GR0V,0,M,0,Netherlands,0,honkbalgear.nl/g.txt,Linux,mirror
243,2019-03-18,GR0V,0,M,0,Netherlands,0,brands2bloggers.nl/g.txt,Linux,mirror
244,2019-03-18,GR0V,0,M,0,Netherlands,0,storemaxspecialist.nl/g.txt,Linux,mirror
245,2019-03-18,GR0V,0,M,0,Netherlands,0,klikprocesspinner.nl/g.txt,Linux,mirror
246,2019-03-18,GR0V,0,M,0,Netherlands,0,keukensbodegraven.nl/g.txt,Linux,mirror
247,2019-03-18,GR0V,0,M,0,Netherlands,0,creepshows.nl/g.txt,Linux,mirror
248,2019-03-18,GR0V,0,M,0,Netherlands,0,allex-group.nl/g.txt,Linux,mirror
249,2019-03-18,GR0V,0,M,0,Netherlands,0,alanenpimsfranchise.nl/g.txt,Linux,mirror
250,2019-03-18,GR0V,0,M,0,Netherlands,0,mediator-offertes.nl/g.txt,Linux,mirror
251,2019-03-18,GR0V,0,M,0,Netherlands,0,karesansui.nl/g.txt,Linux,mirror
252,2019-03-18,GR0V,0,M,0,Netherlands,0,asbestcentraal.nl/g.txt,Linux,mirror
253,2019-03-18,GR0V,0,M,0,Netherlands,0,365slotenmaker-denhaag.nl/g.txt,Linux,mirror
254,2019-03-18,GR0V,0,M,0,Netherlands,0,zzzzzz01.nl/g.txt,Linux,mirror
255,2019-03-18,GR0V,0,M,0,Netherlands,0,koriehoman.nl/g.txt,Linux,mirror
256,2019-03-18,GR0V,0,M,0,Netherlands,0,hartautoverhuur.nl/g.txt,Linux,mirror
257,2019-03-18,GR0V,0,M,0,Netherlands,0,factoringkampioen.nl/g.txt,Linux,mirror
258,2019-03-18,GR0V,0,M,0,Netherlands,0,hko97.nl/g.txt,Linux,mirror
259,2019-03-18,GR0V,0,M,0,Netherlands,0,fotohutfotografie.nl/g.txt,Linux,mirror
260,2019-03-18,GR0V,0,M,1,Netherlands,0,staldegroot.nl/g.txt,Linux,mirror
261,2019-03-18,GR0V,0,M,0,Netherlands,0,jannekesnijder.nl/g.txt,Linux,mirror
262,2019-03-18,GR0V,0,M,0,Netherlands,0,centrumvoorlekdetectie.nl/g.txt,Linux,mirror
263,2019-03-18,GR0V,0,M,0,Netherlands,0,di-rect-tommy.nl/g.txt,Linux,mirror
264,2019-03-18,GR0V,0,0,0,Netherlands,0,365slotenmaker-amsterdam.nl/g.txt,Linux,mirror
265,2019-03-17,C0RT3X,0,0,0,Netherlands,0,www.vanpoortvliet.nl/t3x.htm,Linux,mirror
266,2019-03-17,C0RT3X,0,0,0,Netherlands,0,www.phonograph.nl/t3x.htm,Linux,mirror
267,2019-03-17,C0RT3X,0,0,0,Germany,0,www.ht-elsloo.nl/t3x.htm,F5 Big-IP,mirror
268,2019-03-17,C0RT3X,0,M,0,Belgium,0,www.zonnehoevevalkenburg.nl/t3...,Linux,mirror
269,2019-03-17,C0RT3X,0,0,0,Netherlands,0,www.fitandmove.nl/t3x.htm,Linux,mirror
270,2019-03-17,C0RT3X,0,0,0,Netherlands,0,www.gruizenkerkje.nl/t3x.htm,Linux,mirror
271,2019-03-17,C0RT3X,0,0,0,Netherlands,0,www.rectifire.nl/t3x.htm,Linux,mirror
272,2019-03-17,mhamdi_jeber,0,0,0,Netherlands,0,www.goudsekeramiekdagen.nl/js.php,Linux,mirror
273,2019-03-17,C0RT3X,0,0,1,Netherlands,0,www.interieurdoek.nl/t3x.htm,Linux,mirror
274,2019-03-17,C0RT3X,0,0,0,Netherlands,0,www.rijschoolgras.nl/t3x.htm,Linux,mirror
275,2019-03-17,C0RT3X,0,0,0,Netherlands,0,www.artibelle.nl/t3x.htm,Win 2012,mirror
276,2019-03-17,C0RT3X,0,M,0,Belgium,0,www.aosl.nl/t3x.htm,Linux,mirror
277,2019-03-17,C0RT3X,0,0,0,Netherlands,0,www.creakappers.nl/t3x.htm,Linux,mirror
278,2019-03-17,C0RT3X,0,0,1,Belgium,0,www.handbalstartpunt.nl/t3x.htm,Linux,mirror
279,2019-03-16,mhamdi_jeber,0,M,0,Netherlands,0,besterecepten.nl/js.php,Linux,mirror
280,2019-03-16,mhamdi_jeber,0,0,0,Unknown,0,pixartz.nl/js.php,Linux,mirror
281,2019-03-16,mhamdi_jeber,0,0,0,Netherlands,0,mobielgedeeld.nl/js.php,Linux,mirror
282,2019-03-16,mhamdi_jeber,0,0,0,Unknown,0,masterwebtools.nl/js.php,Linux,mirror
283,2019-03-16,mhamdi_jeber,0,0,0,Unknown,0,chauffeursite.nl/js.php,Linux,mirror
284,2019-03-15,BILGEKULTIGIN,H,0,0,India,0,thefightingspirit.nl,Linux,mirror
285,2019-03-15,Royal Battler BD,H,M,0,Netherlands,0,beautyprofessionals.nl,Linux,mirror
286,2019-03-15,Royal Battler BD,H,M,0,Netherlands,0,biesjoe.nl,Linux,mirror
287,2019-03-15,Royal Battler BD,H,M,0,Netherlands,0,www.hair500.nl,Linux,mirror
288,2019-03-15,Royal Battler BD,H,M,0,Netherlands,0,spiritueeltexel.nl,Linux,mirror
289,2019-03-15,Royal Battler BD,H,0,0,Netherlands,0,lookkapsalon.nl,Linux,mirror
290,2019-03-15,zakiloup,0,0,0,Netherlands,0,www.arnonvandam1c.nl/Back.html,Win 2012,mirror
291,2019-03-14,Clash Hackers,0,M,0,Ireland,0,www.moniquemakeup.nl/cl.html,Linux,mirror
292,2019-03-14,Clash Hackers,0,M,0,Ireland,0,artistetools.nl/cl.html,Linux,mirror
293,2019-03-14,Clash Hackers,0,0,0,Germany,0,www.bedrijven-tips.nl/cl.html,Linux,mirror
294,2019-03-14,Clash Hackers,0,0,0,Netherlands,0,www.protails.nl/cl.html,Linux,mirror
295,2019-03-14,MR.Donut's,0,M,0,Netherlands,0,shop.easytimes.nl/z.htm,Linux,mirror
296,2019-03-14,AyyÄ±ldÄ±z Tim,H,0,0,Netherlands,0,lindekind.nl,Linux,mirror
297,2019-03-14,Xsam Xadoo Bot,0,0,0,Belgium,0,www.speelotheeknijverdal.nl/im...,Linux,mirror
298,2019-03-14,suliman_hacker,0,0,1,Netherlands,0,koerierscentrumrotterdam.nl/f3...,Linux,mirror
299,2019-03-14,zakiloup,0,0,0,Netherlands,0,autoalberink.nl/Back.html,Linux,mirror
300,2019-03-13,Red hell sofyan,0,0,0,Netherlands,0,fagotfestival.nl//vuln.htm,Linux,mirror
301,2019-03-12,-1,0,M,0,Netherlands,0,voetbalmanagement.nl/1.php,Linux,mirror
302,2019-03-12,-1,0,M,0,Netherlands,0,thomasboeschoten.nl/1.php,Linux,mirror
303,2019-03-12,-1,0,M,0,Netherlands,0,netwerkvisualisatie.nl/1.php,Linux,mirror
304,2019-03-12,-1,0,M,0,Netherlands,0,mijnpeiling.nl/1.php,Linux,mirror
305,2019-03-12,-1,0,M,1,Netherlands,0,zvvreuz.nl/1.php,Linux,mirror
306,2019-03-12,-1,0,M,0,Netherlands,0,datawijs.nl/1.php,Linux,mirror
307,2019-03-12,-1,0,M,0,Netherlands,0,datavaardig.nl/1.php,Linux,mirror
308,2019-03-12,-1,0,M,0,Netherlands,0,catenaccio.nl/1.php,Linux,mirror
309,2019-03-12,-1,0,0,0,Netherlands,0,beoordeeljeschool.nl/1.php,Linux,mirror
310,2019-03-12,SilentClown,0,0,1,Netherlands,0,swapmarket.nl/c.htm,Linux,mirror
311,2019-03-11,Gend3ruw0,0,0,0,Netherlands,0,www.advlegal.nl/hurt.php,Linux,mirror
312,2019-03-11,Royal Battler BD,H,0,1,Netherlands,0,annefriesen.nl,Linux,mirror
313,2019-03-10,B0RU70,0,0,0,Netherlands,0,panimor.nl/tr.php,Linux,mirror
314,2019-03-10,mhamdi_jeber,0,0,0,Netherlands,0,websmederij.nl/js.php,Linux,mirror
315,2019-03-09,MR.Donut's,0,0,0,Netherlands,0,qsites.nl/z.htm,Linux,mirror
316,2019-03-09,MR.Donut's,0,0,0,Netherlands,0,maaike-siegel.nl/z.htm,Linux,mirror
317,2019-03-09,MR.Donut's,0,0,0,Ireland,0,eerderwegmensen.nl/z.htm,Linux,mirror
318,2019-03-09,MR.Donut's,0,0,0,Netherlands,0,phanoes-empire.nl/z.htm,Linux,mirror
319,2019-03-09,MR.Donut's,0,0,0,Netherlands,0,fixxo-hosting.nl/z.htm,Linux,mirror
320,2019-03-09,MR.Donut's,0,0,0,Netherlands,0,hannaevelien.nl/z.htm,Linux,mirror
321,2019-03-09,MR.Donut's,0,0,1,Netherlands,0,groentedealer.nl/z.htm,Linux,mirror
322,2019-03-08,SynnX,H,M,0,Netherlands,0,bureauveerkracht.nl,Linux,mirror
323,2019-03-08,SynnX,H,0,0,Netherlands,0,arena3.nl,Linux,mirror
324,2019-03-08,Imam,0,0,1,Netherlands,0,vanhetboxkamp.nl/images/gang.txt,Linux,mirror
325,2019-03-08,Imam,0,0,1,Netherlands,0,tajtickets.nl/images/gang.txt,Linux,mirror
326,2019-03-08,Imam,0,0,1,Netherlands,0,hitraining.nl/images/gang.txt,Linux,mirror
327,2019-03-08,mhamdi_jeber,0,0,0,Netherlands,0,www.drivekiwi.nl/js.php,Linux,mirror
328,2019-03-08,EgyptTop,0,0,0,Netherlands,0,aub-brandpreventie.nl/vzla.htm,Linux,mirror
329,2019-03-08,EgyptTop,0,M,0,Netherlands,0,vivapernis.nl/vzla.htm,Linux,mirror
330,2019-03-08,EgyptTop,0,0,0,Netherlands,0,work4talent.nl/vzla.htm,Linux,mirror
331,2019-03-08,EgyptTop,0,0,0,Netherlands,0,puijkbv.nl/vzla.htm,Unknown,mirror
332,2019-03-07,MR.Donut's,0,0,0,Netherlands,0,valueaddedfinance.nl/z.htm,Linux,mirror
333,2019-03-07,Royal Battler BD,H,M,0,Netherlands,0,ilovedeals.nl,Linux,mirror
334,2019-03-07,Royal Battler BD,H,M,0,Netherlands,0,crypteasy.nl,Linux,mirror
335,2019-03-07,Royal Battler BD,H,M,0,Netherlands,0,kami-tax.nl,Linux,mirror
336,2019-03-07,Royal Battler BD,H,M,0,Netherlands,0,rrkeukenmontage.nl,Linux,mirror
337,2019-03-07,Royal Battler BD,H,M,0,Netherlands,0,kamitax.nl,Linux,mirror
338,2019-03-07,Royal Battler BD,H,M,0,Netherlands,0,marketdevelop.nl,Linux,mirror
339,2019-03-07,Royal Battler BD,H,M,0,Netherlands,0,thuisbezorgdnagoya.nl,Linux,mirror
340,2019-03-07,Royal Battler BD,H,M,0,Netherlands,0,beyondwaiting.nl,Linux,mirror
341,2019-03-07,Royal Battler BD,H,M,0,Netherlands,0,fadeandbraid.nl,Linux,mirror
342,2019-03-07,Royal Battler BD,H,M,0,Netherlands,0,phonebae.nl,Linux,mirror
343,2019-03-07,Royal Battler BD,H,M,0,Netherlands,0,scala-promotions.nl,Linux,mirror
344,2019-03-07,Royal Battler BD,H,M,0,Netherlands,0,m-tax.nl,Linux,mirror
345,2019-03-07,Royal Battler BD,H,M,0,Netherlands,0,releasingthesound.nl,Linux,mirror
346,2019-03-07,Astra,0,M,0,Netherlands,0,www.mijntrouwplan.nl/galau.htm,Linux,mirror
347,2019-03-07,zakiloup,0,0,0,Netherlands,0,www.appelbeton.nl/Back.html,Linux,mirror
348,2019-03-06,Ameer Hawlery,0,0,0,Netherlands,0,help2connect.nl/ameer.html,Linux,mirror
349,2019-03-06,Vijune15,0,M,0,United States,0,ikbentom.nl/vj15.htm,Unknown,mirror
350,2019-03-05,zakiloup,0,M,0,Netherlands,0,prkapper.nl/Back.html,Linux,mirror
351,2019-03-05,zakiloup,0,0,1,Netherlands,0,studiogetupanddance.nl/Back.html,Linux,mirror
352,2019-03-04,Monkey B Luffy,0,0,0,Ireland,0,www.familienobel.nl/t.php,Linux,mirror
353,2019-03-04,Mister Spy,0,0,1,Netherlands,0,www.keyboardforum.nl/editor_up...,Linux,mirror
354,2019-03-04,Mister Spy,0,0,0,Netherlands,0,www.lemarez.nl/wp-content/_inp...,Linux,mirror
355,2019-03-02,h0d3_g4n,0,M,0,Netherlands,0,www.hardsteenspecialist.nl/h0d...,Linux,mirror
356,2019-03-02,h0d3_g4n,0,0,0,Netherlands,0,www.dehardsteenspecialist.nl/h...,Linux,mirror
357,2019-03-02,h0d3_g4n,0,0,0,Netherlands,0,www.borgmanenvandijk.nl/h0d3.html,Linux,mirror
358,2019-03-01,SatTaR,H,0,0,Netherlands,0,www.code-music.nl,Linux,mirror
359,2019-02-28,mr.anderson,0,M,0,Netherlands,S,edelsmidlynn.nl/7tsgi4xt.php,Linux,mirror
360,2019-02-28,Internal Cyber Team,0,0,0,Netherlands,0,dorpvierhouten.nl/ict.html,Win 2012,mirror
361,2019-02-26,Sicantik,H,0,0,Canada,0,www.010vibes.nl,Linux,mirror
362,2019-02-25,MR.Donut's,0,M,0,Netherlands,0,pakdiedeal.nl/z.htm,Linux,mirror
363,2019-02-25,MR.Donut's,0,0,0,Netherlands,0,callagency.nl/z.htm,Linux,mirror
364,2019-02-25,Mister Spy,0,0,1,Netherlands,0,mvdh1.nl/images/jdownloads/scr...,Linux,mirror
365,2019-02-25,MiSh,0,0,1,Unknown,0,beeldhouwparadijs.nl/images/Mi...,F5 Big-IP,mirror
366,2019-02-25,Mr.Kro0oz.305,H,0,1,European Union,0,va-ja.nl,Linux,mirror
367,2019-02-24,God Attacker,0,M,0,Netherlands,0,urbanvilla-katwijk.nl/sec.html,Win 2012,mirror
368,2019-02-24,God Attacker,0,M,1,Netherlands,0,bouwbedrijfalkemade.nl/sec.html,Win 2012,mirror
369,2019-02-24,God Attacker,0,M,1,Netherlands,0,indecurve.nl/sec.html,Win 2012,mirror
370,2019-02-24,God Attacker,0,M,1,Netherlands,0,ouwehandbouw.nl/sec.html,Win 2012,mirror
371,2019-02-24,God Attacker,0,M,1,Netherlands,0,intranet.ouwehandbouw.nl/sec.html,Win 2012,mirror
372,2019-02-24,God Attacker,0,M,1,Netherlands,0,ob2woningen.nl/sec.html,Win 2012,mirror
373,2019-02-24,God Attacker,0,0,1,Netherlands,0,passiefhuiskatwijk.nl/sec.html,Win 2012,mirror
374,2019-02-23,Raiz0WorM,0,M,1,Ireland,0,kijkopbeeld.nl/Cookies.html,Linux,mirror
375,2019-02-23,Raiz0WorM,0,M,0,Ireland,0,www.symforosa.nl/Cookies.html,Linux,mirror
376,2019-02-23,Raiz0WorM,0,0,0,Netherlands,0,www.snsportsclub.nl/china.html,Linux,mirror
377,2019-02-22,Siraak_,H,M,0,Netherlands,0,colorcane.nl,Linux,mirror
378,2019-02-22,Siraak_,H,M,0,Netherlands,0,youngbusinessshop.nl,Linux,mirror
379,2019-02-22,Siraak_,H,M,0,Netherlands,0,ondernemenopschool.nl,Linux,mirror
380,2019-02-22,Siraak_,H,M,0,Netherlands,0,dynocharge.nl,Linux,mirror
381,2019-02-22,Siraak_,H,M,0,Netherlands,0,demo-eurobizz.nl,Linux,mirror
382,2019-02-20,Raiz0WorM,0,M,0,Ireland,0,www.moerrouwvervoer.nl/china.html,Linux,mirror
383,2019-02-20,Raiz0WorM,0,M,0,Ireland,0,www.mortuariumbeheernederland....,Linux,mirror
384,2019-02-20,Raiz0WorM,0,M,0,Ireland,0,www.voordeelcrematie.nl/china....,Linux,mirror
385,2019-02-20,Raiz0WorM,0,M,0,Ireland,0,www.iqwebdesign.nl/china.html,Linux,mirror
386,2019-02-20,Raiz0WorM,0,M,0,Ireland,0,www.urnenbosnederland.nl/china...,Linux,mirror
387,2019-02-20,Raiz0WorM,0,M,0,Ireland,0,www.moeruitvaartzorg.nl/china....,Linux,mirror
388,2019-02-20,Raiz0WorM,0,M,0,Ireland,0,www.ooievaarrijschool.nl/china...,Linux,mirror
389,2019-02-20,Raiz0WorM,0,M,0,Ireland,0,www.begrafenisvoordeel.nl/chin...,Linux,mirror
390,2019-02-20,Raiz0WorM,0,M,0,Ireland,0,www.repatrieringservicenederla...,Linux,mirror
391,2019-02-20,Raiz0WorM,0,M,0,Ireland,0,www.afscheidshuisvoorburg.nl/c...,Linux,mirror
392,2019-02-20,Raiz0WorM,0,M,0,Ireland,0,www.doelam-advocatuur.nl/china...,Linux,mirror
393,2019-02-20,Raiz0WorM,0,M,0,Ireland,0,welovebasics.nl/raiz0.html,Linux,mirror
394,2019-02-20,Raiz0WorM,0,M,0,Ireland,0,www.grafischinvorm.nl/raiz0.html,Linux,mirror
395,2019-02-20,Royal Battler BD,0,0,0,United States,0,www.zimmermanzimmerman.nl/uyar...,Linux,mirror
396,2019-02-20,Ayyıldız Tim,H,0,0,Netherlands,0,www.landco.nl,Linux,mirror
397,2019-02-18,chinafans,0,0,0,Netherlands,0,bt-sportswear.nl/o.htm,Linux,mirror
398,2019-02-18,UnM@SK,0,M,0,Netherlands,0,tbwarunning.nl/ewe.txt,Linux,mirror
399,2019-02-18,UnM@SK,0,0,0,Netherlands,0,kevinhipke.nl/ewe.txt,Linux,mirror
400,2019-02-18,Royal Battler BD,H,0,0,Netherlands,0,www.stb-haaglanden.nl,Linux,mirror
401,2019-02-17,Raiz0WorM,0,M,0,Ireland,0,heartforhealthbypatricia.nl/AS...,Linux,mirror
402,2019-02-17,Raiz0WorM,0,0,0,Ireland,0,vinderwatvan.nl/ASO.html,Linux,mirror
403,2019-02-16,ynR !,0,0,0,Netherlands,0,vhast.nl/p4.html,Linux,mirror
404,2019-02-16,mr.anderson,H,M,0,Netherlands,0,www.danielmaat.nl,Linux,mirror
405,2019-02-15,God Attacker,0,M,0,Netherlands,0,brincare.nl/sec.html,Win 2012,mirror
406,2019-02-15,God Attacker,0,M,0,Netherlands,0,brinboxbridge.nl/sec.html,Win 2012,mirror
407,2019-02-15,God Attacker,0,M,0,Netherlands,0,brinbox.nl/sec.html,Win 2012,mirror
408,2019-02-15,God Attacker,0,M,0,Netherlands,0,4dinvision.nl/sec.html,Win 2012,mirror
409,2019-02-15,God Attacker,0,M,0,Netherlands,0,brinstart.nl/sec.html,Win 2012,mirror
410,2019-02-15,God Attacker,0,M,0,Netherlands,0,itservicecenter.nl/sec.html,Win 2012,mirror
411,2019-02-15,God Attacker,0,M,0,Netherlands,0,brinsite.nl/sec.html,Win 2012,mirror
412,2019-02-15,God Attacker,0,M,0,Netherlands,0,cbsdeklister.nl/sec.html,Win 2012,mirror
413,2019-02-15,God Attacker,0,M,0,Netherlands,0,cloudconnector.nl/sec.html,Win 2012,mirror
414,2019-02-15,God Attacker,0,M,0,Netherlands,0,carebro.nl/sec.html,Win 2012,mirror
415,2019-02-15,God Attacker,0,M,1,Netherlands,0,scholingdichtbij.nl/sec.html,Win 2012,mirror
416,2019-02-15,God Attacker,0,M,0,Netherlands,0,thuiszorgdichtbij.nl/sec.html,Win 2012,mirror
417,2019-02-15,God Attacker,0,M,0,Netherlands,0,obsdewaterlelie.nl/sec.html,Win 2012,mirror
418,2019-02-15,God Attacker,0,M,0,Netherlands,0,obs-detriangel.nl/sec.html,Win 2012,mirror
419,2019-02-15,God Attacker,0,M,0,Netherlands,0,negotica.nl/sec.html,Win 2012,mirror
420,2019-02-15,God Attacker,0,M,0,Netherlands,0,meertijdvooronderwijs.nl/sec.html,Win 2012,mirror
421,2019-02-15,God Attacker,0,M,0,Netherlands,0,rietzee.nl/sec.html,Win 2012,mirror
422,2019-02-15,God Attacker,0,M,0,Netherlands,0,lediy.nl/sec.html,Win 2012,mirror
423,2019-02-15,God Attacker,0,M,0,Netherlands,0,brin.nl/sec.html,Win 2012,mirror
424,2019-02-15,God Attacker,0,M,0,Netherlands,0,tkompas.nl/sec.html,Win 2012,mirror
425,2019-02-15,God Attacker,0,M,0,Netherlands,0,iitm.nl/sec.html,Win 2012,mirror
426,2019-02-15,God Attacker,0,M,0,Netherlands,0,benkadvocaten.nl/sec.html,Win 2012,mirror
427,2019-02-15,God Attacker,0,M,0,Netherlands,0,benk.nl/sec.html,Win 2012,mirror
428,2019-02-15,God Attacker,0,M,0,Netherlands,0,iteaboomkwekerij.nl/sec.html,Win 2012,mirror
429,2019-02-15,God Attacker,0,M,1,Netherlands,0,villa-a.nl/sec.html,Win 2012,mirror
430,2019-02-15,God Attacker,0,M,0,Netherlands,0,itsinthemind.nl/sec.html,Win 2012,mirror
431,2019-02-15,God Attacker,0,0,0,Netherlands,0,icrf.nl/sec.html,Win 2012,mirror
432,2019-02-15,Kareem_Hacker,0,M,0,Netherlands,0,www.zekervergelijken.nl/k4x.html,Linux,mirror
433,2019-02-15,Kareem_Hacker,0,M,0,Netherlands,0,www.simpelbesparen.nl/k4x.html,Linux,mirror
434,2019-02-15,Kareem_Hacker,H,0,0,Netherlands,0,parkerenbijeindhoven.nl,Linux,mirror
435,2019-02-14,Mr.Kro0oz.305,0,0,0,Germany,0,art4future.nl/sa.html,F5 Big-IP,mirror
436,2019-02-13,Phenix-TN,0,0,0,Netherlands,0,dgb-bouw.nl/back.html,Linux,mirror
437,2019-02-13,Royal Battler BD,H,0,0,Germany,0,uweigenstudent.nl,Linux,mirror
438,2019-02-12,Imam,0,0,1,Netherlands,0,k-b-c.nl/images/gang.txt,Win 2016,mirror
439,2019-02-12,Imam,0,0,1,Netherlands,0,wokbaarlo.nl/images/gang.txt,Win 2016,mirror
440,2019-02-12,Imam,0,0,1,Netherlands,0,prorealis.nl/images/gang.txt,Linux,mirror
441,2019-02-12,Imam,0,0,1,Netherlands,0,centrumparkeren.nl/images/gang...,Linux,mirror
442,2019-02-12,Imam,0,0,1,Netherlands,0,weightline.nl/images/gang.txt,Linux,mirror
443,2019-02-12,Imam,0,0,1,Netherlands,0,prosopo.nl/images/gang.txt,Linux,mirror
444,2019-02-12,Imam,0,0,1,Netherlands,0,havdberg.nl/images/gang.txt,Linux,mirror
445,2019-02-12,Imam,0,0,1,Netherlands,0,stichtinghetbaken.nl/images/ga...,Linux,mirror
446,2019-02-12,Imam,0,0,1,Germany,0,brinktekst.nl/images/gang.txt,Linux,mirror
447,2019-02-12,Imam,0,0,1,Netherlands,0,melvindegraaf.nl/images/gang.txt,Linux,mirror
448,2019-02-12,Imam,0,0,1,Netherlands,0,fineframe.nl/images/gang.txt,Linux,mirror
449,2019-02-12,Imam,0,0,1,Netherlands,0,kulturhusbabberich.nl/images/g...,Linux,mirror
450,2019-02-12,Imam,0,0,1,Netherlands,0,s10a.nl/images/gang.txt,Linux,mirror
451,2019-02-12,Imam,0,0,1,Netherlands,0,lotus-pedicure.nl/images/gang.txt,Linux,mirror
452,2019-02-12,Imam,0,0,1,Netherlands,0,afzuigtechniek.nl/images/gang.txt,Linux,mirror
453,2019-02-12,Imam,0,0,1,Netherlands,0,zontaronddereest.nl/images/gan...,Linux,mirror
454,2019-02-12,Imam,0,0,1,Netherlands,0,letondeur.nl/images/gang.txt,Linux,mirror
455,2019-02-12,Imam,0,0,1,Netherlands,0,alterego-glas.nl/images/gang.txt,Linux,mirror
456,2019-02-12,Fighter Kamrul,0,0,0,Netherlands,0,verrekijkershop.nl/modules/bam...,Linux,mirror
457,2019-02-12,Mister Spy,0,0,1,Netherlands,0,www.estarsports.nl/cms3/other_...,Linux,mirror
458,2019-02-12,Imam,0,M,1,Netherlands,0,suzanneophof.nl/yo.gif,Linux,mirror
459,2019-02-10,ErrOr SquaD,0,0,0,Netherlands,0,klimaatcontact.nl/Hunter.txt,Linux,mirror
460,2019-02-10,ErrOr SquaD,0,0,0,Netherlands,0,www.barbuka.nl/Hunter.txt,Linux,mirror
461,2019-02-10,Phenix-TN,0,0,0,Netherlands,0,zijlstravideo.nl/back.html,Linux,mirror
462,2019-02-10,Phenix-TN,0,0,0,Netherlands,0,mm-tuinen.nl/back.html,Linux,mirror
463,2019-02-10,Phenix-TN,0,0,0,Netherlands,0,trevu.nl/back.html,Linux,mirror
464,2019-02-10,Phenix-TN,0,0,0,Ireland,0,niboart.nl/back.html,Linux,mirror
465,2019-02-10,Society-Squad,H,0,0,Netherlands,0,www.idealie.nl,Linux,mirror
466,2019-02-09,Mister Spy,0,0,0,United Kingdom,0,www.heyhoef.nl/spy.htm,Linux,mirror
467,2019-02-09,mhamdi_jeber,0,M,0,Netherlands,0,veiligheidskundige-vca.nl/js.php,Linux,mirror
468,2019-02-09,mhamdi_jeber,0,0,0,Netherlands,0,rie-register.nl/js.php,Linux,mirror
469,2019-02-09,Mrb3hz4d,0,M,1,Netherlands,0,www.dailygreen.nl/Mrb3hz4d.html,Win 2008,mirror
470,2019-02-09,Mrb3hz4d,0,M,1,Netherlands,0,www.magnusplant.nl/Mrb3hz4d.html,Win 2008,mirror
471,2019-02-09,Mrb3hz4d,0,M,1,Netherlands,0,www.diade.nl/Mrb3hz4d.html,Win 2008,mirror
472,2019-02-09,Mrb3hz4d,0,M,1,Netherlands,0,joeptax.nl/Mrb3hz4d.html,Win 2008,mirror
473,2019-02-09,Mrb3hz4d,0,M,1,Netherlands,0,www.rostv.nl/Mrb3hz4d.html,Win 2008,mirror
474,2019-02-09,Mrb3hz4d,0,M,1,Netherlands,0,nielsdekkers.nl/Mrb3hz4d.html,Win 2008,mirror
475,2019-02-09,Mrb3hz4d,0,M,1,Netherlands,0,www.boomkwekerijoostvogels.nl/...,Win 2008,mirror
476,2019-02-09,Mrb3hz4d,0,0,1,Netherlands,0,www.gigitravel.nl/Mrb3hz4d.html,Win 2008,mirror
477,2019-02-09,Mrb3hz4d,0,M,1,Netherlands,0,liftco.nl/Mrb3hz4d.html,Win 2008,mirror
478,2019-02-09,Mrb3hz4d,0,M,1,Netherlands,0,www.greendutchman.nl/Mrb3hz4d....,Win 2008,mirror
479,2019-02-09,Mrb3hz4d,0,M,1,Netherlands,0,www.ttbdebaronie.nl/Mrb3hz4d.html,Win 2008,mirror
480,2019-02-09,Mrb3hz4d,0,M,1,Netherlands,0,www.bedafstallenbouw.nl/Mrb3hz...,Win 2008,mirror
481,2019-02-08,mr.anderson,H,0,0,Unknown,0,greatthings.nl,Linux,mirror
482,2019-02-08,mr.anderson,H,M,0,Netherlands,0,www.raadhuyspersoneelsdiensten.nl,Linux,mirror
483,2019-02-08,mr.anderson,0,0,0,Netherlands,0,greatcasting.nl/index.html,Linux,mirror
484,2019-02-08,Hector,0,M,0,Netherlands,0,shopjekado.nl//zindex.html,Linux,mirror
485,2019-02-08,-1,H,M,0,Netherlands,0,aanbouw.offerteparadijs.nl,Linux,mirror
486,2019-02-08,ManToed,0,M,0,Netherlands,0,www.dgzwolle.doopsgezind.nl/to...,FreeBSD,mirror
487,2019-02-08,ManToed,0,M,0,Netherlands,0,www.dguithuizen.doopsgezind.nl...,FreeBSD,mirror
488,2019-02-08,ManToed,0,M,0,Netherlands,0,www.dgtwente.doopsgezind.nl/to...,FreeBSD,mirror
489,2019-02-08,ManToed,0,M,0,Netherlands,0,www.dgtexel.doopsgezind.nl/tod...,FreeBSD,mirror
490,2019-02-08,ManToed,0,M,0,Netherlands,0,dgsteenwijk.doopsgezind.nl/tod...,FreeBSD,mirror
491,2019-02-08,ManToed,0,M,0,Netherlands,0,www.dgrottevalle.doopsgezind.n...,FreeBSD,mirror
492,2019-02-08,ManToed,0,M,0,Netherlands,0,www.dgrotterdam.doopsgezind.nl...,FreeBSD,mirror
493,2019-02-08,ManToed,0,M,0,Netherlands,0,www.dgnoordoostnederland.doops...,FreeBSD,mirror
494,2019-02-08,ManToed,0,M,0,Netherlands,0,www.dgmeppel.doopsgezind.nl/to...,FreeBSD,mirror
495,2019-02-08,ManToed,0,M,0,Netherlands,0,www.dgkoog.doopsgezind.nl/tod.htm,FreeBSD,mirror
496,2019-02-08,ManToed,0,M,0,Netherlands,0,www.dgholwerd.doopsgezind.nl/t...,FreeBSD,mirror
497,2019-02-08,ManToed,0,M,0,Netherlands,0,www.dghallum.doopsgezind.nl/to...,FreeBSD,mirror
498,2019-02-08,ManToed,0,M,0,Netherlands,0,www.dgdordrecht.doopsgezind.nl...,FreeBSD,mirror
499,2019-02-08,ManToed,0,M,0,Netherlands,0,www.dgdamwoude.doopsgezind.nl/...,FreeBSD,mirror
500,2019-02-08,ManToed,0,M,0,Netherlands,0,www.dgaardenburg.doopsgezind.n...,FreeBSD,mirror
501,2019-02-08,ManToed,0,M,0,Netherlands,0,www.christinestichting.doopsge...,FreeBSD,mirror
502,2019-02-08,ManToed,0,M,0,Netherlands,0,www.geschiedenis.doopsgezind.n...,FreeBSD,mirror
503,2019-02-08,ManToed,0,M,0,Netherlands,0,www.jongeren.doopsgezind.nl/to...,FreeBSD,mirror
504,2019-02-08,ManToed,0,M,0,Netherlands,0,www.jaarthema.doopsgezind.nl/t...,FreeBSD,mirror
505,2019-02-06,ManToed,0,M,0,Netherlands,0,www.mennofund.nl/tod.htm,FreeBSD,mirror
506,2019-02-06,ManToed,0,M,0,Netherlands,0,www.houtenhaarlemmer.nl/tod.htm,FreeBSD,mirror
507,2019-02-06,ManToed,0,M,0,Netherlands,0,www.dowilvo.nl/tod.htm,FreeBSD,mirror
508,2019-02-06,ManToed,0,M,0,Netherlands,0,www.idgp.nl/tod.htm,FreeBSD,mirror
509,2019-02-06,ManToed,0,M,0,Netherlands,0,www.dore-dokkum.nl/tod.htm,FreeBSD,mirror
510,2019-02-06,ManToed,0,M,0,Netherlands,0,www.doopsgezindutrecht.nl/tod.htm,FreeBSD,mirror
511,2019-02-06,ManToed,0,M,0,Netherlands,0,www.doopsgezindroden.nl/tod.htm,FreeBSD,mirror
512,2019-02-06,ManToed,0,M,0,Netherlands,0,www.doopsgezindkindersteunfond...,FreeBSD,mirror
513,2019-02-06,ManToed,0,M,0,Netherlands,0,www.doopsgezindheerenveentjall...,FreeBSD,mirror
514,2019-02-06,ManToed,0,M,0,Netherlands,0,www.doopsgezindenberltsum.nl/t...,FreeBSD,mirror
515,2019-02-06,ManToed,0,M,0,Netherlands,0,www.doopsgezindzaanstreek.nl/t...,FreeBSD,mirror
516,2019-02-06,ManToed,0,M,0,Netherlands,0,www.doopsgezindsurhuisterveen....,FreeBSD,mirror
517,2019-02-06,ManToed,0,M,0,Netherlands,0,www.doopsgezindenleeuwarden.nl...,FreeBSD,mirror
518,2019-02-06,ManToed,0,M,0,Netherlands,0,www.doopsgezindendrachtenurete...,FreeBSD,mirror
519,2019-02-06,ManToed,0,M,0,Netherlands,0,www.doopsgezindhelp.nl/tod.htm,FreeBSD,mirror
520,2019-02-06,ManToed,0,M,0,Netherlands,0,www.doopsgezindenarnhem.nl/tod...,FreeBSD,mirror
521,2019-02-06,ManToed,0,M,0,Netherlands,0,www.doopsgezindbolswardsneek.n...,FreeBSD,mirror
522,2019-02-06,ManToed,0,M,0,Netherlands,0,www.doopsgezind-bezinning.nl/t...,FreeBSD,mirror
523,2019-02-06,ManToed,0,M,0,Netherlands,0,www.dgwereldwerk.nl/tod.htm,FreeBSD,mirror
524,2019-02-06,ManToed,0,M,0,Netherlands,0,www.doopsgezind-alkmaar.nl/tod...,FreeBSD,mirror
525,2019-02-06,ManToed,0,M,1,Netherlands,0,www.doopsgezindemonumenten.nl/...,FreeBSD,mirror
526,2019-02-06,ManToed,0,M,0,Netherlands,0,www.doopsgezindegemeentezeist....,FreeBSD,mirror
527,2019-02-06,ManToed,0,M,0,Netherlands,0,www.doopsgezindderijpgraftdijk...,FreeBSD,mirror
528,2019-02-06,ManToed,0,M,0,Netherlands,0,www.dgdenhaag.nl/tod.htm,FreeBSD,mirror
529,2019-02-06,ManToed,0,M,0,Netherlands,0,www.dgstiens.nl/tod.htm,FreeBSD,mirror
530,2019-02-06,ManToed,0,M,0,Netherlands,0,www.doopsgezind.nl/tod.htm,FreeBSD,mirror
531,2019-02-06,ManToed,0,M,1,Netherlands,0,www.dgalmere.nl/tod.htm,FreeBSD,mirror
532,2019-02-06,ManToed,0,M,1,Netherlands,0,www.dg-ringzwolle.nl/tod.htm,FreeBSD,mirror
533,2019-02-06,ManToed,0,M,0,Netherlands,0,www.dg-nop.nl/tod.htm,FreeBSD,mirror
534,2019-02-06,ManToed,0,M,0,Netherlands,0,www.ads.nl/tod.htm,FreeBSD,mirror
535,2019-02-06,ManToed,0,0,0,Netherlands,0,www.christinestichting.nl/tod.htm,FreeBSD,mirror
536,2019-02-06,Trenggalek Cyber Army,H,0,0,Netherlands,0,atrice.nl,Linux,mirror
537,2019-02-05,./Mr. HanzID,0,0,1,United States,0,www.arjennelouter.nl/indexd.php,Linux,mirror
538,2019-02-05,Mr.Kro0oz.305,0,0,1,Netherlands,0,www.noordgroep2000.nl/sa.html,Linux,mirror
539,2019-02-05,Mr.Kro0oz.305,0,0,0,Netherlands,0,beautysalonelburg.nl/sa.html,Win 2008,mirror
540,2019-02-05,Phenix-TN,0,M,0,Denmark,0,limoloader.nl/images/sniper.txt,Win 2008,mirror
541,2019-02-05,Phenix-TN,0,0,1,Netherlands,0,iveo.nl/images/sniper.txt,Linux,mirror
542,2019-02-04,213_90N6,0,0,0,Netherlands,0,www.offerteparadijs.nl/xXx.html,Linux,mirror
543,2019-02-04,suliman_hacker,0,M,0,Netherlands,0,schildersbedrijfripa.nl/f3r.html,Linux,mirror
544,2019-02-04,suliman_hacker,0,0,0,Netherlands,0,www.marksman-it.nl/f3r.html,Linux,mirror
545,2019-02-03,mr.anderson,H,M,0,Netherlands,0,expandyourworld.nl,OpenBSD,mirror
546,2019-02-03,mr.anderson,H,M,0,Netherlands,0,iappreciate.nl,OpenBSD,mirror
547,2019-02-03,mr.anderson,H,M,0,Netherlands,0,softwaredam.nl,OpenBSD,mirror
548,2019-02-03,mr.anderson,H,M,0,Netherlands,0,smartyellowict.nl,OpenBSD,mirror
549,2019-02-03,Trenggalek Cyber Army,H,0,0,Netherlands,0,ccoach.nl,Linux,mirror
550,2019-02-03,Fighter Kamrul,0,0,0,Netherlands,0,simonewerkt.nl/kamrul.html,Linux,mirror
551,2019-02-02,zanakifre,0,0,0,Netherlands,0,www.rietdekkersbedrijfkleinjan...,Linux,mirror
552,2019-02-02,mhamdi_jeber,0,0,0,United States,0,www.redtalentos.nl/js.php,Linux,mirror
553,2019-02-01,Anon H4x0r,0,0,1,Netherlands,0,sinderhoeve.nl/tca.php,Linux,mirror
554,2019-02-01,suliman_hacker,0,0,0,Netherlands,0,fendermill.nl/f3r.html,Linux,mirror
555,2019-01-30,Royal Battler BD,H,M,0,Netherlands,0,bliksemman.nl,OpenBSD,mirror
556,2019-01-29,ifactoryx,0,M,1,Turkey,0,umutthermal.nl/rx.html,Win 2008,mirror
557,2019-01-28,hijabers,H,0,0,Netherlands,0,fietsencdh.nl,Linux,mirror
558,2019-01-28,tru dz,0,0,1,Netherlands,0,cbsgroen.nl/images/Black.txt,Linux,mirror
559,2019-01-28,tru dz,0,0,1,Netherlands,0,btc4charity.nl/images/Black.txt,Linux,mirror
560,2019-01-28,tru dz,0,0,1,Netherlands,0,dodiddone.nl/images/Black.txt,Linux,mirror
561,2019-01-28,tru dz,0,0,1,Netherlands,0,aquacentrumdenhelder.nl/images...,Linux,mirror
562,2019-01-28,tru dz,0,0,1,Netherlands,0,blingblingbrothers.nl/images/B...,Linux,mirror
563,2019-01-28,tru dz,0,0,1,Netherlands,0,degrillbus.nl/images/Black.txt,Linux,mirror
564,2019-01-28,tru dz,0,0,1,Netherlands,0,www.joostwonen.nl/images/Black...,Linux,mirror
565,2019-01-28,AYYILDIZ TİM,H,0,0,Netherlands,0,and-a.nl,Linux,mirror
566,2019-01-28,Panataran,0,0,0,Unknown,0,www.sanghashop.nl/b.txt,Linux,mirror
567,2019-01-28,RLX-06,0,0,1,Ireland,0,www.gastenverblijf-itbeaken.nl...,Linux,mirror
568,2019-01-28,Anon H4x0r,0,0,1,Netherlands,0,duinstripscheveningen.nl/image...,Linux,mirror
569,2019-01-28,N3T1z3N,H,0,1,Netherlands,0,www.voncken-transporten.nl,Linux,mirror
570,2019-01-28,Royal Battler BD,H,M,0,Netherlands,0,artcrawl.nl,OpenBSD,mirror
571,2019-01-28,Semtex,0,M,0,Netherlands,0,maisonhnrx.nl/smx.html,Linux,mirror
572,2019-01-28,Semtex,0,M,0,Netherlands,0,reviusbijles.nl/smx.html,Linux,mirror
573,2019-01-28,Semtex,0,M,0,Netherlands,0,wisec.nl/smx.html,Linux,mirror
574,2019-01-28,Semtex,0,M,0,Netherlands,0,www.de4hm.nl/smx.html,Linux,mirror
575,2019-01-28,Semtex,0,0,0,Netherlands,0,www.clasoire.nl/smx.html,Linux,mirror
576,2019-01-27,Royal Battler BD,0,M,0,Netherlands,0,hvwesten.nl/index.html,Linux,mirror
577,2019-01-26,Weedatae,0,0,0,Unknown,0,gyazo.nl/weeda.php,Linux,mirror
578,2019-01-26,K3L0T3X,H,0,0,Unknown,0,webresolver.nl,Linux,mirror
579,2019-01-26,ynR !,0,0,1,Netherlands,0,a-visie.nl/p4.html,Linux,mirror
580,2019-01-26,SynnX,0,0,0,United States,0,unique-cleaning.nl/olux.html,Linux,mirror
581,2019-01-26,SynnX,0,0,1,Netherlands,0,twinly.nl/olux.html,Linux,mirror
582,2019-01-26,BILGEKULTIGIN,0,0,0,Netherlands,0,kallewatersport.nl/bilgekultig...,Linux,mirror
583,2019-01-25,Anon H4x0r,H,0,1,Netherlands,0,www.wolwolfje.nl,Linux,mirror
584,2019-01-25,Anon H4x0r,H,0,1,Netherlands,0,www.lanzafuerte.nl,Linux,mirror
585,2019-01-25,Anon H4x0r,H,0,1,Netherlands,0,www.nieuwehaarlemsepianoschool.nl,Linux,mirror
586,2019-01-25,Anon H4x0r,H,0,1,Netherlands,0,www.munsterglaner.nl,Linux,mirror
587,2019-01-25,Anon H4x0r,H,0,1,Netherlands,0,www.hommelhof.nl,Linux,mirror
588,2019-01-25,Anon H4x0r,H,0,1,Netherlands,0,www.masttechniek.nl,Linux,mirror
589,2019-01-25,Anon H4x0r,0,0,1,Netherlands,0,www.eendragtspolder.nl/iran.html,Linux,mirror
590,2019-01-25,Anon H4x0r,0,0,1,Netherlands,0,tkkpsychiatrie.nl/id.htm,Linux,mirror
591,2019-01-25,Anon H4x0r,0,0,1,Netherlands,0,sijmschilderwerken.nl/sys.php,Linux,mirror
592,2019-01-25,Anon H4x0r,0,0,1,Netherlands,0,truche.nl/bhg.html,Linux,mirror
593,2019-01-25,Anon H4x0r,0,0,1,Netherlands,0,oganweb.nl/sh.html,Linux,mirror
594,2019-01-25,Anon H4x0r,H,0,1,Germany,0,www.eethip.nl,F5 Big-IP,mirror
595,2019-01-22,Black Cyber Forest Hackers - BCFH,H,M,0,Netherlands,0,destiltevertelt.nl,Linux,mirror
596,2019-01-22,KingSam,0,0,0,Netherlands,0,www.red-pineapple.nl/pk.txt,Linux,mirror
597,2019-01-22,ErrOr SquaD,0,0,0,Netherlands,0,tijmenhinterseer.nl/read.txt,Linux,mirror
598,2019-01-22,ErrOr SquaD,0,0,0,Netherlands,0,anbition.nl/king.txt,Linux,mirror
599,2019-01-22,ErrOr SquaD,0,0,0,Netherlands,0,hulptroepenuitdenatuur.nl/king...,Linux,mirror
600,2019-01-21,Mister Spy,0,0,0,Netherlands,0,www.alohaspirit.nl/editor_uplo...,Linux,mirror
601,2019-01-18,Mo3Gza HaCkEr,0,0,0,Belgium,0,meijermedischmanagement.nl/ima...,Linux,mirror
602,2019-01-18,Mo3Gza HaCkEr,0,0,0,Netherlands,0,www.aliekalverda.nl/images/eg.GIF,Linux,mirror
603,2019-01-18,./Mr403Forbidden,0,M,0,Netherlands,0,despullenregelaar.nl/LiL.html,Linux,mirror
604,2019-01-17,Ali Afee,H,M,0,Netherlands,0,debraintapperij.nl,Linux,mirror
605,2019-01-17,Ali Afee,H,M,0,Netherlands,0,deklantvriendelijkste.nl,Linux,mirror
606,2019-01-17,Ali Afee,H,M,0,Netherlands,0,hethoppertje.nl,Linux,mirror
607,2019-01-17,Ali Afee,0,M,0,Netherlands,0,www.drempelhulphethoppertje.nl...,Linux,mirror
608,2019-01-17,Ali Afee,H,M,0,Netherlands,0,schakelmanager.nl,Linux,mirror
609,2019-01-17,Ali Afee,H,M,0,Netherlands,0,treinlezingen.nl,Linux,mirror
610,2019-01-17,./Mr403Forbidden,0,0,0,Netherlands,0,www.brainman.nl/LiL.html,Linux,mirror
611,2019-01-17,Astra,0,M,0,Netherlands,0,www.judoverenigingdeusone.nl/p...,Linux,mirror
612,2019-01-17,Astra,0,0,0,Netherlands,0,www.harco-socks.nl/p.htm,Linux,mirror
613,2019-01-17,Astra,0,0,0,Netherlands,0,www.dedansendetijger.nl/p.htm,Linux,mirror
614,2019-01-17,Astra,0,M,0,Netherlands,0,www.donkeykinderdagverblijfenb...,Linux,mirror
615,2019-01-15,suliman_hacker,0,0,0,Netherlands,0,gemeentegodshoogezand.nl/f3r.html,Linux,mirror
616,2019-01-15,suliman_hacker,H,0,1,Netherlands,0,www.fire-resistant.nl,Linux,mirror
617,2019-01-14,ErrOr SquaD,0,M,0,France,0,qtum.nl/king.txt,Linux,mirror
618,2019-01-14,ErrOr SquaD,0,M,0,United States,0,reagerenkunjeleren.nl/king.txt,Linux,mirror
619,2019-01-14,ErrOr SquaD,0,0,1,United States,0,borderlink.nl/king.txt,Linux,mirror
620,2019-01-14,ErrOr SquaD,0,0,0,Netherlands,0,sietskeswildens.nl/king.txt,Linux,mirror
621,2019-01-14,ErrOr SquaD,0,0,0,Netherlands,0,elzingatransport.nl/king.txt,Linux,mirror
622,2019-01-14,ErrOr SquaD,0,0,0,Netherlands,0,autonetwerkschreijer.nl/king.txt,Linux,mirror
623,2019-01-13,ColdHackers,H,M,0,Netherlands,0,zonontstoppingdienst.nl,Linux,mirror
624,2019-01-13,ColdHackers,H,M,0,Netherlands,0,tweedenieuw.nl,Linux,mirror
625,2019-01-13,ColdHackers,H,M,0,Netherlands,0,strigoapparel.nl,Linux,mirror
626,2019-01-13,ColdHackers,0,M,0,Netherlands,0,furnihaus.nl/index.php,Linux,mirror
627,2019-01-12,abdullah38,H,M,0,Netherlands,0,www.civicon.nl,Linux,mirror
628,2019-01-12,d-makaveli,0,0,0,Netherlands,0,alibbondon.nl/kurd.html,Linux,mirror
629,2019-01-10,Imam,0,0,1,Netherlands,0,toptalent-dressage.nl/images/g...,Win 2012,mirror
630,2019-01-10,Imam,0,0,1,Netherlands,0,posterprintshop.nl/images/gang...,Linux,mirror
631,2019-01-10,Imam,0,0,1,Denmark,0,philharmoniebocholtz.nl/images...,Linux,mirror
632,2019-01-10,Imam,0,0,1,Netherlands,0,meditherm.nl/images/gang.txt,Win 2008,mirror
633,2019-01-10,Imam,0,0,1,Netherlands,0,lsc.nl/images/gang.txt,Linux,mirror
634,2019-01-10,Imam,0,0,1,Netherlands,0,hhvdonar.nl/images/gang.txt,Linux,mirror
635,2019-01-10,Imam,0,0,1,Unknown,0,demeulenvelders.nl/images/gang...,Linux,mirror
636,2019-01-10,Imam,0,0,1,Netherlands,0,cosver.nl/images/gang.txt,Linux,mirror
637,2019-01-10,Imam,0,M,1,Ireland,0,astridvanderhorst.nl/images/ga...,Linux,mirror
638,2019-01-10,Society-Squad,H,0,1,Netherlands,0,www.hwvhardenberg.nl,Linux,mirror
639,2019-01-09,Av3LoXiS,0,0,0,Netherlands,0,www.lenc-schoonhoven.nl/av3.php,Linux,mirror
640,2019-01-09,Wissem Mahfoud,0,0,1,Netherlands,0,iaa-development.nl//wp-content...,Linux,mirror
641,2019-01-08,Indonesia To World,0,0,0,Netherlands,0,www.tret.nl/0.html,Linux,mirror
642,2019-01-07,N3T1z3N,H,M,0,Netherlands,0,www.advocatenkantoorirmavanden...,Linux,mirror
643,2019-01-07,N3T1z3N,H,0,0,Netherlands,0,www.lutjenhendrik.nl,Linux,mirror
644,2019-01-07,mhamdi_jeber,0,0,0,Netherlands,0,www.appwards.nl/js.php,Linux,mirror
645,2019-01-07,mhamdi_jeber,0,M,0,Netherlands,0,www.wjhulzebosch.nl/js.php,Linux,mirror
646,2019-01-07,mhamdi_jeber,0,M,0,Netherlands,0,pestaanpak.nl/js.php,Linux,mirror
647,2019-01-07,mhamdi_jeber,0,M,0,Netherlands,0,libroledenadministratie.nl/js.php,Linux,mirror
648,2019-01-06,zakiloup,0,0,0,Netherlands,0,petervanstiphout.nl/ASO.html,Linux,mirror
649,2019-01-05,N3T1z3N,0,0,0,Netherlands,0,kledingophaaldienst.nl/N3T.htm,Win 2012,mirror
650,2019-01-04,ErrOr SquaD,0,M,0,Netherlands,0,pennekamp-administratie.nl/kin...,Linux,mirror
651,2019-01-04,ErrOr SquaD,0,M,0,Netherlands,0,lilymartens.nl/king.txt,Linux,mirror
652,2019-01-04,ErrOr SquaD,0,M,0,Netherlands,0,vvejournaal.nl/king.txt,Linux,mirror
653,2019-01-04,ErrOr SquaD,0,M,0,Netherlands,0,judithzandwijk.nl/king.txt,Linux,mirror
654,2019-01-04,ErrOr SquaD,0,M,0,Netherlands,0,americana-unlimited.nl/king.txt,Linux,mirror
655,2019-01-04,ErrOr SquaD,0,M,0,Netherlands,0,organicbeautycenter.nl/king.txt,Linux,mirror
656,2019-01-04,ErrOr SquaD,0,M,0,Netherlands,0,synergy-at-work.nl/king.txt,Linux,mirror
657,2019-01-04,ErrOr SquaD,0,M,0,Netherlands,0,karinmedze.nl/king.txt,Linux,mirror
658,2019-01-04,ErrOr SquaD,0,M,0,Netherlands,0,organicbodysugaring.nl/king.txt,Linux,mirror
659,2019-01-04,ErrOr SquaD,0,M,0,Netherlands,0,comfact.nl/king.txt,Linux,mirror
660,2019-01-04,ErrOr SquaD,0,M,0,Netherlands,0,margaskitchen.nl/king.txt,Linux,mirror
661,2019-01-04,ErrOr SquaD,0,M,0,Netherlands,0,koorreborn.nl/king.txt,Linux,mirror
662,2019-01-04,ErrOr SquaD,0,M,0,Netherlands,0,helenkuyper.nl/king.txt,Linux,mirror
663,2019-01-04,ErrOr SquaD,0,M,0,Netherlands,0,vvediensten.nl/king.txt,Linux,mirror
664,2019-01-04,ErrOr SquaD,0,M,0,Netherlands,0,jekrachtcentrum.nl/king.txt,Linux,mirror
665,2019-01-04,ErrOr SquaD,0,0,0,Netherlands,0,entermycloset.nl/king.txt,Linux,mirror
666,2019-01-04,ErrOr SquaD,0,M,0,Netherlands,0,hjdejong-instal.nl/king.txt,Linux,mirror
667,2019-01-04,ErrOr SquaD,0,M,0,Netherlands,0,vco.nl/king.txt,Linux,mirror
668,2019-01-04,ErrOr SquaD,0,M,0,Netherlands,0,vve-beheer-diensten.nl/king.txt,Linux,mirror
669,2019-01-04,ErrOr SquaD,0,M,0,Netherlands,0,creative-leaders.nl/king.txt,Linux,mirror
670,2019-01-04,ErrOr SquaD,0,M,0,Netherlands,0,midasmike.nl/king.txt,Linux,mirror
671,2019-01-04,ErrOr SquaD,0,M,0,Netherlands,0,vanos-apeldoorn.nl/king.txt,Linux,mirror
672,2019-01-04,ErrOr SquaD,0,M,0,Netherlands,0,creative-leader.nl/king.txt,Linux,mirror
673,2019-01-04,ErrOr SquaD,0,M,0,Netherlands,0,elegast-mc.nl/king.txt,Linux,mirror
674,2019-01-04,ErrOr SquaD,0,M,0,Netherlands,0,puurklassiek.nl/king.txt,Linux,mirror
675,2019-01-04,ErrOr SquaD,0,M,0,Netherlands,0,mabobrandblusser.nl/king.txt,Linux,mirror
676,2019-01-04,ErrOr SquaD,0,M,0,Netherlands,0,testtom.nl/king.txt,Linux,mirror
677,2019-01-04,ErrOr SquaD,0,M,0,Netherlands,0,vvebeheer.nl/king.txt,Linux,mirror
678,2019-01-04,ErrOr SquaD,0,M,0,Netherlands,0,vve-diensten.nl/king.txt,Linux,mirror
679,2019-01-04,ErrOr SquaD,0,M,0,Netherlands,0,relisadesign.nl/king.txt,Linux,mirror
680,2019-01-04,ErrOr SquaD,0,M,0,Netherlands,0,i-releese.nl/king.txt,Linux,mirror
681,2019-01-04,ErrOr SquaD,0,M,0,Netherlands,0,vve-journaal.nl/king.txt,Linux,mirror
682,2019-01-04,ErrOr SquaD,0,M,1,Netherlands,0,soulpaint.nl/king.txt,Linux,mirror
683,2019-01-04,ErrOr SquaD,0,M,0,Netherlands,0,vveadministratie.nl/king.txt,Linux,mirror
684,2019-01-04,ErrOr SquaD,0,M,0,Netherlands,0,vve-administratie.nl/king.txt,Linux,mirror
685,2019-01-04,ErrOr SquaD,0,M,0,Netherlands,0,relisa-stones.nl/king.txt,Linux,mirror
686,2019-01-04,ErrOr SquaD,0,M,0,Netherlands,0,mabobrandveiligheid.nl/king.txt,Linux,mirror
687,2019-01-04,ErrOr SquaD,0,M,0,Netherlands,0,vve-bestuur.nl/king.txt,Linux,mirror
688,2019-01-04,ErrOr SquaD,0,M,0,Netherlands,0,aevego.nl/king.txt,Linux,mirror
689,2019-01-04,ErrOr SquaD,0,M,0,Netherlands,0,miradina.nl/king.txt,Linux,mirror
690,2019-01-04,ErrOr SquaD,0,M,0,Netherlands,0,mfaculteit.nl/king.txt,Linux,mirror
691,2019-01-04,ErrOr SquaD,0,M,0,Netherlands,0,phtgrphs.nl/king.txt,Linux,mirror
692,2019-01-04,ErrOr SquaD,0,0,0,Netherlands,0,mayola.nl/king.txt,Linux,mirror
693,2019-01-04,ErrOr SquaD,0,0,0,Netherlands,0,www.atheneumplus.nl/king.txt,Linux,mirror
694,2019-01-04,ErrOr SquaD,0,0,0,Netherlands,0,huisdierenvervoerservice.nl/ki...,Linux,mirror
695,2019-01-04,ErrOr SquaD,0,M,0,Netherlands,0,samsungcurved.nl/king.txt,Linux,mirror
696,2019-01-04,ErrOr SquaD,0,0,0,Netherlands,0,bakelen.nl/king.txt,Linux,mirror
697,2019-01-04,ErrOr SquaD,0,0,0,Netherlands,0,fransverhoek.nl/king.txt,Linux,mirror
698,2019-01-04,ErrOr SquaD,0,0,0,Netherlands,0,ecda.nl/king.txt,Linux,mirror
699,2019-01-04,Mr.Kro0oz.305,0,0,0,Netherlands,0,www.jooproukens.nl/sa.html,Linux,mirror
700,2019-01-04,./Coco,0,0,0,Netherlands,0,www.dubbeltop.nl/nyan.html,Linux,mirror
701,2019-01-04,HelpMaster,0,0,1,Ireland,0,tthnoord.nl/Help.html,Linux,mirror
702,2019-01-03,Alqiyaramdana,H,M,0,United States,0,tweetosties.nl,Unknown,mirror
703,2019-01-03,Alqiyaramdana,H,M,0,United States,0,nogates.nl,Unknown,mirror
704,2019-01-03,darkshadow-tn,0,0,1,Netherlands,0,eddegrootassurantien.nl/images...,Linux,mirror
705,2019-01-03,mhamdi_jeber,0,0,0,Netherlands,0,www.mooymandenhaag.nl/js.php,Linux,mirror
706,2019-01-02,zakiloup,0,0,0,Netherlands,0,stylemepretty.nl/wp-content/_i...,Linux,mirror
707,2019-01-02,zakiloup,0,0,0,Netherlands,0,schoondergangoud.nl/z3ki.gif,Linux,mirror
708,2019-01-02,zakiloup,0,M,0,Netherlands,0,petervanheeswijk.nl/z3ki.gif,Linux,mirror
709,2019-01-02,zakiloup,0,0,1,Netherlands,0,chr-mk-zvl.nl/z3ki.gif,Linux,mirror
710,2019-01-02,Belalang-R00t,H,M,0,United States,0,socialpayments.nl,Linux,mirror
711,2019-01-02,Astra,0,0,1,Netherlands,0,www.patisseriederidder.nl/as.htm,Linux,mirror
712,2019-01-01,Fighter Kamrul,0,0,0,United States,0,surenda.nl/Fighter.txt,Linux,mirror
